{"0317": {"DP1": {"0-100": {"rev": 20024.845285561158, "pu": 844.0}, "100-1000": {"rev": 61565.20573681692, "pu": 2227.0}, "1000-5000": {"rev": 46323.59176868397, "pu": 1568.0}, "5000-20000": {"rev": 19730.13096183717, "pu": 497.0}, "20000+": {"rev": 6236.881423367854, "pu": 99.0}}, "DP2": {"0-100": {"rev": 2492.644279358115, "pu": 192.0}, "100-1000": {"rev": 19256.498094047663, "pu": 730.0}, "1000-5000": {"rev": 44521.135324555755, "pu": 1125.0}, "5000-20000": {"rev": 41544.367206702605, "pu": 555.0}, "20000+": {"rev": 51259.10360856341, "pu": 234.0}}, "DP3": {"0-100": {"rev": 3031.802192289468, "pu": 96.0}, "100-1000": {"rev": 15866.782508623648, "pu": 423.0}, "1000-5000": {"rev": 45751.39878943169, "pu": 731.0}, "5000-20000": {"rev": 45694.322880135056, "pu": 374.0}, "20000+": {"rev": 51369.71579840758, "pu": 164.0}}, "DP4": {"0-100": {"rev": 0, "pu": 0}, "100-1000": {"rev": 201.32917705735665, "pu": 3.0}, "1000-5000": {"rev": 1478.7755479234102, "pu": 12.0}, "5000-20000": {"rev": 2944.8875322580534, "pu": 10.0}, "20000+": {"rev": 9706.399650755295, "pu": 36.0}}, "DP5": {"0-100": {"rev": 0, "pu": 0}, "100-1000": {"rev": 1075.2359496527297, "pu": 6.0}, "1000-5000": {"rev": 6569.343149494093, "pu": 28.0}, "5000-20000": {"rev": 11267.286290770217, "pu": 41.0}, "20000+": {"rev": 7464.0162245425345, "pu": 25.0}}, "DP6": {"0-100": {"rev": 0, "pu": 0}, "100-1000": {"rev": 0, "pu": 0}, "1000-5000": {"rev": 0, "pu": 0}, "5000-20000": {"rev": 0, "pu": 0}, "20000+": {"rev": 0, "pu": 0}}, "DP7": {"0-100": {"rev": 1281.7110289287018, "pu": 5.0}, "100-1000": {"rev": 11883.675210891108, "pu": 77.0}, "1000-5000": {"rev": 34935.95168701589, "pu": 222.0}, "5000-20000": {"rev": 44869.51709002648, "pu": 207.0}, "20000+": {"rev": 32781.0799936461, "pu": 179.0}}, "DP8": {"0-100": {"rev": 726.3939489442168, "pu": 1.0}, "100-1000": {"rev": 362.3974842767296, "pu": 2.0}, "1000-5000": {"rev": 8129.200054471652, "pu": 18.0}, "5000-20000": {"rev": 20348.459421237712, "pu": 31.0}, "20000+": {"rev": 134135.40410995498, "pu": 152.0}}, "DP9": {"0-100": {"rev": 0, "pu": 0}, "100-1000": {"rev": 0, "pu": 0}, "1000-5000": {"rev": 0, "pu": 0}, "5000-20000": {"rev": 0, "pu": 0}, "20000+": {"rev": 0, "pu": 0}}, "DP10": {"0-100": {"rev": 6353.2248188941385, "pu": 14.0}, "100-1000": {"rev": 7259.394244141821, "pu": 43.0}, "1000-5000": {"rev": 25193.002110375888, "pu": 106.0}, "5000-20000": {"rev": 62713.02408781712, "pu": 212.0}, "20000+": {"rev": 189093.45447902536, "pu": 384.0}}, "DP11": {"0-100": {"rev": 0, "pu": 0}, "100-1000": {"rev": 3431.3342618772353, "pu": 10.0}, "1000-5000": {"rev": 11783.874901526611, "pu": 22.0}, "5000-20000": {"rev": 14512.487978630068, "pu": 24.0}, "20000+": {"rev": 30318.371094709808, "pu": 51.0}}, "DP12": {"0-100": {"rev": 0, "pu": 0}, "100-1000": {"rev": 656.6173565875183, "pu": 1.0}, "1000-5000": {"rev": 8451.680545505824, "pu": 10.0}, "5000-20000": {"rev": 44950.79899016326, "pu": 38.0}, "20000+": {"rev": 439426.153392234, "pu": 200.0}}}, "0210": {"DP1": {"0-100": {"rev": 117655.76321939414, "pu": 4553.0}, "100-1000": {"rev": 0, "pu": 0}, "1000-5000": {"rev": 73535.84226561009, "pu": 2247.0}, "5000-20000": {"rev": 23867.513405783015, "pu": 574.0}, "20000+": {"rev": 4836.917883283699, "pu": 90.0}}, "DP2": {"0-100": {"rev": 34947.391414254955, "pu": 1183.0}, "100-1000": {"rev": 0, "pu": 0}, "1000-5000": {"rev": 52356.291508628245, "pu": 1410.0}, "5000-20000": {"rev": 39401.95207776166, "pu": 642.0}, "20000+": {"rev": 20022.167262876115, "pu": 163.0}}, "DP3": {"0-100": {"rev": 29402.047017840647, "pu": 557.0}, "100-1000": {"rev": 0, "pu": 0}, "1000-5000": {"rev": 59900.60133251455, "pu": 862.0}, "5000-20000": {"rev": 43152.88901138065, "pu": 454.0}, "20000+": {"rev": 41867.078922903, "pu": 168.0}}, "DP4": {"0-100": {"rev": 335.5486284289277, "pu": 5.0}, "100-1000": {"rev": 0, "pu": 0}, "1000-5000": {"rev": 6509.852788521031, "pu": 26.0}, "5000-20000": {"rev": 10427.455482228735, "pu": 33.0}, "20000+": {"rev": 42667.78476740653, "pu": 94.0}}, "DP5": {"0-100": {"rev": 1715.0189865808436, "pu": 12.0}, "100-1000": {"rev": 0, "pu": 0}, "1000-5000": {"rev": 14286.471849137573, "pu": 55.0}, "5000-20000": {"rev": 14910.340990431734, "pu": 57.0}, "20000+": {"rev": 13726.415988869938, "pu": 34.0}}, "DP6": {"0-100": {"rev": 0, "pu": 0}, "100-1000": {"rev": 0, "pu": 0}, "1000-5000": {"rev": 0, "pu": 0}, "5000-20000": {"rev": 0, "pu": 0}, "20000+": {"rev": 0, "pu": 0}}, "DP7": {"0-100": {"rev": 9692.550331437542, "pu": 62.0}, "100-1000": {"rev": 0, "pu": 0}, "1000-5000": {"rev": 55119.051800006775, "pu": 206.0}, "5000-20000": {"rev": 92366.39667998548, "pu": 270.0}, "20000+": {"rev": 48557.1175667649, "pu": 140.0}}, "DP8": {"0-100": {"rev": 0, "pu": 0}, "100-1000": {"rev": 0, "pu": 0}, "1000-5000": {"rev": 4086.608048354493, "pu": 8.0}, "5000-20000": {"rev": 21905.876692421036, "pu": 33.0}, "20000+": {"rev": 117450.86890163702, "pu": 118.0}}, "DP9": {"0-100": {"rev": 0, "pu": 0}, "100-1000": {"rev": 0, "pu": 0}, "1000-5000": {"rev": 0, "pu": 0}, "5000-20000": {"rev": 0, "pu": 0}, "20000+": {"rev": 0, "pu": 0}}, "DP10": {"0-100": {"rev": 6727.51213925987, "pu": 50.0}, "100-1000": {"rev": 0, "pu": 0}, "1000-5000": {"rev": 13968.914095920043, "pu": 94.0}, "5000-20000": {"rev": 27686.051239511427, "pu": 137.0}, "20000+": {"rev": 129881.5343286708, "pu": 273.0}}, "DP11": {"0-100": {"rev": 3113.0914893668687, "pu": 7.0}, "100-1000": {"rev": 0, "pu": 0}, "1000-5000": {"rev": 26568.11262717352, "pu": 39.0}, "5000-20000": {"rev": 64412.33124133962, "pu": 98.0}, "20000+": {"rev": 304949.2490634975, "pu": 273.0}}, "DP12": {"0-100": {"rev": 2189.0089186564146, "pu": 3.0}, "100-1000": {"rev": 0, "pu": 0}, "1000-5000": {"rev": 15510.357528874374, "pu": 16.0}, "5000-20000": {"rev": 58819.19211566027, "pu": 51.0}, "20000+": {"rev": 446308.1372987486, "pu": 206.0}}}, "0115": {"DP1": {"0-100": {"rev": 74758.60366828354, "pu": 4253.0}, "100-1000": {"rev": 0, "pu": 0}, "1000-5000": {"rev": 49515.719280037316, "pu": 2596.0}, "5000-20000": {"rev": 21279.66779976432, "pu": 899.0}, "20000+": {"rev": 8386.680833370077, "pu": 178.0}}, "DP2": {"0-100": {"rev": 27383.87974327814, "pu": 809.0}, "100-1000": {"rev": 0, "pu": 0}, "1000-5000": {"rev": 50726.24582274413, "pu": 1135.0}, "5000-20000": {"rev": 59819.35935895793, "pu": 609.0}, "20000+": {"rev": 101875.24146105969, "pu": 346.0}}, "DP3": {"0-100": {"rev": 25777.505118213598, "pu": 416.0}, "100-1000": {"rev": 0, "pu": 0}, "1000-5000": {"rev": 42332.21293771589, "pu": 586.0}, "5000-20000": {"rev": 43260.30847844325, "pu": 338.0}, "20000+": {"rev": 83139.04452491464, "pu": 235.0}}, "DP4": {"0-100": {"rev": 1547.6846080717814, "pu": 8.0}, "100-1000": {"rev": 0, "pu": 0}, "1000-5000": {"rev": 489.5062344139652, "pu": 6.0}, "5000-20000": {"rev": 6694.707411195394, "pu": 26.0}, "20000+": {"rev": 29560.131531170322, "pu": 60.0}}, "DP5": {"0-100": {"rev": 2806.3475112781957, "pu": 14.0}, "100-1000": {"rev": 0, "pu": 0}, "1000-5000": {"rev": 7073.74992723306, "pu": 33.0}, "5000-20000": {"rev": 16811.56721198745, "pu": 55.0}, "20000+": {"rev": 40920.72320611637, "pu": 86.0}}, "DP6": {"0-100": {"rev": 0, "pu": 0}, "100-1000": {"rev": 0, "pu": 0}, "1000-5000": {"rev": 0, "pu": 0}, "5000-20000": {"rev": 0, "pu": 0}, "20000+": {"rev": 0, "pu": 0}}, "DP7": {"0-100": {"rev": 10774.705138249228, "pu": 143.0}, "100-1000": {"rev": 0, "pu": 0}, "1000-5000": {"rev": 24312.903908107743, "pu": 250.0}, "5000-20000": {"rev": 20596.170713514824, "pu": 206.0}, "20000+": {"rev": 13026.388015797116, "pu": 121.0}}, "DP8": {"0-100": {"rev": 147.34842767295598, "pu": 1.0}, "100-1000": {"rev": 0, "pu": 0}, "1000-5000": {"rev": 333.603608572329, "pu": 2.0}, "5000-20000": {"rev": 7925.445495538267, "pu": 16.0}, "20000+": {"rev": 112738.00564807134, "pu": 109.0}}, "DP9": {"0-100": {"rev": 0, "pu": 0}, "100-1000": {"rev": 0, "pu": 0}, "1000-5000": {"rev": 0, "pu": 0}, "5000-20000": {"rev": 0, "pu": 0}, "20000+": {"rev": 0, "pu": 0}},